{"cameraMode":{"drawMode":0,"name":"Shaded","section":"Shading Mode"},"sceneLighting":false,"audioPlay":false,"sceneViewState":{"showFog":true,"showMaterialUpdate":false,"showSkybox":false,"showFlares":true,"showImageEffects":false,"showParticleSystems":false},"in2DMode":false,"pivot":{"x":2.200000047683716,"y":1.0850000381469727,"z":-181.8000030517578},"rotation":{"x":0.6958069205284119,"y":-0.030131742358207704,"z":0.02924109250307083,"w":0.7170005440711975},"size":3.1846020221710207,"orthographic":true}